{
    "规则名": "直接播放模板",
    "规则作者": "",
    "请求头参数": "手机",
    "网页编码格式": "UTF-8",
    "图片是否需要代理": "0",
    "是否开启获取首页数据": "1",
    "首页推荐链接": "",
    "首页列表数组规则": "body&&.index",
    "首页片单列表数组规则": "li",
    "首页片单是否Jsoup写法": "1",
    "首页片单标题": "a&&title",
    "首页片单链接": "a&&href",
    "首页片单图片": "img&&src",
    "首页片单副标题": "",
    "首页片单链接加前缀": "",
    "首页片单链接加后缀": "",
    "分类起始页码": "1",
    "分类链接": "/{cateId}-{catePg}.html",
    "分类名称": "",
    "分类名称替换词": "",
    "筛选数据": {},
    //"筛选数据": "ext",
    //{cateId}
    "筛选子分类名称": "",
    "筛选子分类替换词": "",
    //{class}
    "筛选类型名称": "",
    "筛选类型替换词": "*",
    //{area}
    "筛选地区名称": "",
    "筛选地区替换词": "*",
    //{year}
    "筛选年份名称": "",
    "筛选年份替换词": "*",
    //{lang}
    "筛选语言名称": "",
    "筛选语言替换词": "*",
    //{by}
    "筛选排序名称": "时间&人气&评分",
    "筛选排序替换词": "time&hits&score",
    "分类截取模式": "1",
    "分类列表数组规则": ".index-area&&li",
    "分类片单是否Jsoup写法": "1",
    "分类片单标题": "a&&title",
    "分类片单链接": "a&&href",
    "分类片单图片": "img&&src",
    "分类片单副标题": "",
    "分类片单链接加前缀": "",
    "分类片单链接加后缀": "",
    "搜索请求头参数": "User-Agent$手机",
    "搜索链接": "{wd}",
    "POST请求数据": "",
    "搜索截取模式": "1",
    "搜索列表数组规则": "#search_list&&li",
    "搜索片单是否Jsoup写法": "1",
    "搜索片单图片": "img&&src",
    "搜索片单标题": "a&&title",
    "搜索片单链接": "a&&href!/film/!.html",
    "搜索片单副标题": "",
    "搜索片单链接加前缀": "/ju/",
    "搜索片单链接加后缀": "-0-0.html",
    "链接是否直接播放": "1",
    "直接播放链接加前缀": "",
    "直接播放链接加后缀": "",
    "直接播放直链视频请求头": "",
    "是否开启手动嗅探": "0",
    "手动嗅探视频链接关键词": ".mp4#.m3u8#.flv#video/tos",
    "手动嗅探视频链接过滤词": ".html#=http"
}