{
    "title": "",
    "author": "",
    "UserAgent":"",
    "firstpage": "1",
    "homeContent": "1",
    "class_url": "http://{cateId}/json.txt",
    "class_name": "百年直播",
    "class_value": "api.vipmisss.com:81/xcdsw",
    "filterdata":{},
    "cat_mode": "0",
    
    //分类json列表数组定位，最多支持3层，能力有限，不是所有页面都能支持
    "catjsonlist": "pingtai",
    //分类json片单图片
    "catjsonpic": "xinimg",
    //分类json片单标题
    "catjsonname": "title",
    //分类json片单链接
    "catjsonid": "address",
    //分类json片单副标题
    "catjsonstitle":"title",
    "cat_prefix": "http://api.vipmisss.com:81/xcdsw/",
    "cat_suffix": "",


    "search_url": "",//搜索网址
    "search_mode": "0",//搜索模式，0是json格式，1是网页截取
    "jsonpic": "vod_pic",
    "jsonname": "vod_name",
    "jsonid": "vod_id",
    "jsonstitle":"",
    "sea_YN_twice": "0",//是否二次截取
    "sea_twice_pre": "",//截取前
    "sea_twice_suf": "",//截取后
    "sea_arr_pre": "0",//数组前
    "sea_arr_suf": "0",//数组后
    "sea_pic": "0",//图片
    "sea_title": "0",//标题
    "sea_url": "0",//地址
    "search_prefix": "",//地址前缀
    "search_suffix": "",//地址后缀
    "sea_subtitle": "空",//副标题


    "force_play": "2",
    "play_prefix": "空",
    "play_suffix": "空",
    "play_header": "空",

    "proj_actor": "",//演员
    "proj_plot": "",//简介
    "tab_YN_twice": "0",
    "tab_twice_pre": "",
    "tab_twice_suf": "",
    "tab_arr_pre": "",//线路前
    "tab_arr_suf": "",//线路后
    "tab_title": "",//线路名字

    "list_YN_twice": "0",
    "list_twice_pre": "",
    "list_twice_suf": "",
    "list_arr_pre": "[",//播放列表前
    "list_arr_suf": "]",//播放列表后

    "epi_YN_twice": "0",
    "epi_twice_pre": "空",
    "epi_twice_suf": "空",
    "epi_arr_pre": "{",
    "epi_arr_suf": "}",
    "epi_title": "title\":\"&&\"",
    "epi_url": "address\":\"&&\"",
    "epiurl_prefix": "",
    "epiurl_suffix": "",
    "Anal_MacPlayer":"0",
    "ManualSniffer":"0",
    //手动嗅探视频链接关键字，每个用#隔开
    "VideoFormat":".mp4#.m3u8#.flv#item/video#is_play_url=1"
    
}