{
    "spider" : "./proxy.jar",
    "sites" : [
            {
            "key" : "drpy_js_360影视",
            "name" : "360影视[DRPY]",
            "type" : 3,
            "api" : "assets://js/lib/drpy.ym.js",
            "ext" : "./js/360影视.js"
        },
            {
            "key" : "drpy_js_菜狗",
            "name" : "菜狗[DRPY]",
            "type" : 3,
            "api" : "assets://js/lib/drpy.ym.js",
            "ext" : "./js/菜狗.js"
        },
            {
            "key" : "drpy_js_豆瓣",
            "name" : "豆瓣[DRPY]",
            "type" : 3,
            "api" : "assets://js/lib/drpy.ym.js",
            "ext" : "./js/豆瓣.js"
        },
            {
            "key" : "drpy_js_小说",
            "name" : "小说[DRPY]",
            "type" : 3,
            "api" : "assets://js/lib/drpy.ym.js",
            "ext" : "./js/有声小说吧.js"
        },
            {
            "key" : "drpy_js_优酷",
            "name" : "优酷[DRPY]",
            "type" : 3,
            "api" : "assets://js/lib/drpy.ym.js",
            "ext" : "./js/优酷.js"
        },
            {
            "key" : "drpy_js_酷云77",
            "name" : "酷云77[DRPY]",
            "type" : 3,
            "api" : "assets://js/lib/drpy.ym.js",
            "ext" : "./js/酷云77.js"
        },
            {
            "key" : "drpy_js_真不卡",
            "name" : "真不卡[DRPY]",
            "type" : 3,
            "api" : "assets://js/lib/drpy.ym.js",
            "ext" : "./js/真不卡.js"
        },
            {
            "key" : "drpy_js_素白白",
            "name" : "素白白[DRPY]",
            "type" : 3,
            "api" : "assets://js/lib/drpy.ym.js",
            "ext" : "./js/素白白.js"
        },
            {
            "key" : "drpy_js_短视频",
            "name" : "短视频[DRPY]",
            "type" : 3,
            "api" : "assets://js/lib/drpy.ym.js",
            "ext" : "./js/短视频.js"
        },
            {
            "key" : "drpy_js_麦豆",
            "name" : "麦豆[DRPY]",
            "type" : 3,
            "api" : "assets://js/lib/drpy.ym.js",
            "ext" : "./js/麦豆.js"
        },
            {
            "key" : "drpy_js_l0l",
            "name" : "l0l[DRPY]",
            "type" : 3,
            "api" : "assets://js/lib/drpy.ym.js",
            "ext" : "./js/l0l.js"
        },
            {
            "key" : "drpy_js_LIBVIO",
            "name" : "LIBVIO[DRPY]",
            "type" : 3,
            "api" : "assets://js/lib/drpy.ym.js",
            "ext" : "./js/LIBVIO.js"
        },
            {
            "key" : "drpy_js_百忙无果",
            "name" : "百忙无果[DRPY]",
            "type" : 3,
            "api" : "./drpy.ym.js",
            "ext" : "./js/百忙无果.js"
        },
            {
            "key" : "drpy_js_番茄影视",
            "name" : "番茄影视[DRPY]",
            "type" : 3,
            "api" : "assets://js/lib/drpy.ym.js",
            "ext" : "./js/番茄影视.js"
        },
            {
            "key" : "drpy_js_干饭影视",
            "name" : "干饭影视[DRPY]",
            "type" : 3,
            "api" : "assets://js/lib/drpy.ym.js",
            "ext" : "./js/干饭影视.js"
        },
            {
            "key" : "drpy_js_喵喵",
            "name" : "喵喵[DRPY]",
            "type" : 3,
            "api" : "assets://js/lib/drpy.ym.js",
            "ext" : "./js/喵喵.js"
        },
            {
            "key" : "drpy_js_MXONE",
            "name" : "MXONE[DRPY]",
            "type" : 3,
            "api" : "assets://js/lib/drpy.ym.js",
            "ext" : "./js/MXONE.js"
        },
            {
            "key" : "drpy_js_Nike影视",
            "name" : "Nike影视[DRPY]",
            "type" : 3,
            "api" : "assets://js/lib/drpy.ym.js",
            "ext" : "./js/Nike影视.js"
        },
            {
            "key" : "drpy_js_TV云播",
            "name" : "TV云播[DRPY]",
            "type" : 3,
            "api" : "assets://js/lib/drpy.ym.js",
            "ext" : "./js/TV云播.js"
        },
            {
            "key" : "drpy_js_两个BT",
            "name" : "两个BT[DRPY]",
            "type" : 3,
            "api" : "assets://js/lib/drpy.ym.js",
            "ext" : "./js/两个BT.js"
        },
            {
            "key" : "drpy_js_乐猪TV",
            "name" : "乐猪TV[DRPY]",
            "type" : 3,
            "api" : "assets://js/lib/drpy.ym.js",
            "ext" : "./js/乐猪TV.js"
        },
            {
            "key" : "drpy_js_剧荒",
            "name" : "剧荒[DRPY]",
            "type" : 3,
            "api" : "assets://js/lib/drpy.ym.js",
            "ext" : "./js/剧荒.js"
        },
            {
            "key" : "drpy_js_剧迷",
            "name" : "剧迷[DRPY]",
            "type" : 3,
            "api" : "assets://js/lib/drpy.ym.js",
            "ext" : "./js/剧迷.js"
        },
            {
            "key" : "drpy_js_大师兄影视",
            "name" : "大师兄影视[DRPY]",
            "type" : 3,
            "api" : "assets://js/lib/drpy.ym.js",
            "ext" : "./js/大师兄影视.js"
        },
            {
            "key" : "drpy_js_天空影视",
            "name" : "天空影视[DRPY]",
            "type" : 3,
            "api" : "assets://js/lib/drpy.ym.js",
            "ext" : "./js/天空影视.js"
        },
            {
            "key" : "drpy_js_完美看看",
            "name" : "完美看看[DRPY]",
            "type" : 3,
            "api" : "assets://js/lib/drpy.ym.js",
            "ext" : "./js/完美看看.js"
        },
            {
            "key" : "drpy_js_快云影院",
            "name" : "快云影院[DRPY]",
            "type" : 3,
            "api" : "assets://js/lib/drpy.ym.js",
            "ext" : "./js/快云影院.js"
        },
            {
            "key" : "drpy_js_爱看影视",
            "name" : "爱看影视[DRPY]",
            "type" : 3,
            "api" : "assets://js/lib/drpy.ym.js",
            "ext" : "./js/爱看影视.js"
        },
            {
            "key" : "drpy_js_爱看电影",
            "name" : "爱看电影[DRPY]",
            "type" : 3,
            "api" : "assets://js/lib/drpy.ym.js",
            "ext" : "./js/爱看电影.js"
        },
            {
            "key" : "drpy_js_特狗影视",
            "name" : "特狗影视[DRPY]",
            "type" : 3,
            "api" : "assets://js/lib/drpy.ym.js",
            "ext" : "./js/特狗影视.js"
        },
            {
            "key" : "drpy_js_皮皮泡",
            "name" : "皮皮泡[DRPY]",
            "type" : 3,
            "api" : "assets://js/lib/drpy.ym.js",
            "ext" : "./js/皮皮泡.js"
        },
            {
            "key" : "drpy_js_RP影视",
            "name" : "RP影视[DRPY]",
            "type" : 3,
            "api" : "assets://js/lib/drpy.ym.js",
            "ext" : "./js/RP影视.js"
        },
            {
            "key" : "drpy_js_看了么",
            "name" : "看了么[DRPY]",
            "type" : 3,
            "api" : "assets://js/lib/drpy.ym.js",
            "ext" : "./js/看了么.js"
        },
            {
            "key" : "drpy_js_胖虎",
            "name" : "胖虎[DRPY]",
            "type" : 3,
            "api" : "assets://js/lib/drpy.ym.js",
            "ext" : "./js/胖虎影视.js"
        },
            {
            "key" : "drpy_js_牛马TV",
            "name" : "牛马TV[DRPY]",
            "type" : 3,
            "api" : "assets://js/lib/drpy.ym.js",
            "ext" : "./js/牛马TV.js"
        },
            {
            "key" : "drpy_js_奇珍异兽",
            "name" : "奇珍异兽[DRPY]",
            "type" : 3,
            "api" : "assets://js/lib/drpy.ym.js",
            "ext" : "./js/奇珍异兽.js"
        },
            {
            "key" : "drpy_js_人人影视",
            "name" : "人人影视[DRPY]",
            "type" : 3,
            "api" : "assets://js/lib/drpy.ym.js",
            "ext" : "./js/人人影视.js"
        },
            {
            "key" : "drpy_js_万能影视",
            "name" : "万能影视[DRPY]",
            "type" : 3,
            "api" : "assets://js/lib/drpy.ym.js",
            "ext" : "./js/万能影视.js"
        },
            {
            "key" : "drpy_js_小强迷",
            "name" : "小强迷[DRPY]",
            "type" : 3,
            "api" : "assets://js/lib/drpy.ym.js",
            "ext" : "./js/小强迷.js"
        },
            {
            "key" : "drpy_js_玄天",
            "name" : "玄天[DRPY]",
            "type" : 3,
            "api" : "assets://js/lib/drpy.ym.js",
            "ext" : "./js/玄天.js"
        },
            {
            "key" : "drpy_js_鸭奈飞",
            "name" : "鸭奈飞[DRPY]",
            "type" : 3,
            "api" : "assets://js/lib/drpy.ym.js",
            "ext" : "./js/鸭奈飞.js"
        },
            {
            "key" : "drpy_js_影视工厂",
            "name" : "影视工厂[DRPY]",
            "type" : 3,
            "api" : "assets://js/lib/drpy.ym.js",
            "ext" : "./js/影视工厂.js"
        },
            {
            "key" : "drpy_js_在线之家",
            "name" : "在线之家[DRPY]",
            "type" : 3,
            "api" : "assets://js/lib/drpy.ym.js",
            "ext" : "./js/在线之家.js"
        },
            {
            "key" : "drpy_js_瓜皮TV",
            "name" : "瓜皮TV[DRPY]",
            "type" : 3,
            "api" : "assets://js/lib/drpy.ym.js",
            "ext" : "./js/瓜皮TV.js"
        },
            {
            "key" : "drpy_js_555影视",
            "name" : "555影视[DRPY]",
            "type" : 3,
            "api" : "assets://js/lib/drpy.ym.js",
            "ext" : "./js/555影视.js"
        },
            {
            "key" : "drpy_js_蓝光影院",
            "name" : "蓝光影院[DRPY]",
            "type" : 3,
            "api" : "assets://js/lib/drpy.ym.js",
            "ext" : "./js/蓝光影院.js"
        },
            {
            "key" : "drpy_js_莫扎兔",
            "name" : "莫扎兔[DRPY]",
            "type" : 3,
            "api" : "assets://js/lib/drpy.ym.js",
            "ext" : "./js/莫扎兔.js"
        },
            {
            "key" : "drpy_js_追剧喵",
            "name" : "追剧喵[DRPY]",
            "type" : 3,
            "api" : "assets://js/lib/drpy.ym.js",
            "ext" : "./js/追剧喵.js"
        },
            {
            "key" : "drpy_js_1080P",
            "name" : "1080P[DRPY]",
            "type" : 3,
            "api" : "assets://js/lib/drpy.ym.js",
            "ext" : "./js/1080P.js"
        },
            {
            "key" : "drpy_js_007影视",
            "name" : "007影视[DRPY]",
            "type" : 3,
            "api" : "assets://js/lib/drpy.ym.js",
            "ext" : "./js/007影视.js"
        },
            {
            "key" : "drpy_js_cokemv",
            "name" : "cokemv[DRPY]",
            "type" : 3,
            "api" : "assets://js/lib/drpy.ym.js",
            "ext" : "./js/cokemv.js"
        },
            {
            "key" : "drpy_js_大米星球",
            "name" : "大米星球[DRPY]",
            "type" : 3,
            "api" : "assets://js/lib/drpy.ym.js",
            "ext" : "./js/大米星球.js"
        },
            {
            "key" : "drpy_js_剧白白",
            "name" : "剧白白[DRPY]",
            "type" : 3,
            "api" : "assets://js/lib/drpy.ym.js",
            "ext" : "./js/剧白白.js"
        },
            {
            "key" : "drpy_js_库马伊",
            "name" : "库马伊[DRPY]",
            "type" : 3,
            "api" : "assets://js/lib/drpy.ym.js",
            "ext" : "./js/库马伊.js"
        },
            {
            "key" : "drpy_js_看视界",
            "name" : "看视界[DRPY]",
            "type" : 3,
            "api" : "assets://js/lib/drpy.ym.js",
            "ext" : "./js/看视界.js"
        },
            {
            "key" : "drpy_js_奇优影院",
            "name" : "奇优影院[DRPY]",
            "type" : 3,
            "api" : "assets://js/lib/drpy.ym.js",
            "ext" : "./js/奇优影院.js"
        },
            {
            "key" : "drpy_js_腾云驾雾",
            "name" : "腾云驾雾[DRPY]",
            "type" : 3,
            "api" : "assets://js/lib/drpy.ym.js",
            "ext" : "./js/腾云驾雾.js"
        },
            {
            "key" : "drpy_js_凌云影视",
            "name" : "凌云影视[DRPY]",
            "type" : 3,
            "api" : "assets://js/lib/drpy.ym.js",
            "ext" : "./js/凌云.js"
        },
            {
            "key" : "drpy_js_麦豆com",
            "name" : "麦豆com[DRPY]",
            "type" : 3,
            "api" : "assets://js/lib/drpy.ym.js",
            "ext" : "./js/麦豆com.js"
        },
            {
            "key" : "drpy_js_秋霞",
            "name" : "秋霞[DRPY]-click",
            "type" : 3,
            "api" : "assets://js/lib/drpy.ym.js",
            "ext" : "./js/秋霞.js"
        },
            {
            "key" : "drpy_js_兔小贝",
            "name" : "兔小贝[DRPY]",
            "type" : 3,
            "api" : "assets://js/lib/drpy.ym.js",
            "ext" : "./js/兔小贝.js"
        },
            {
            "key" : "drpy_js_AnFuns",
            "name" : "AnFuns[DRPY]",
            "type" : 3,
            "api" : "assets://js/lib/drpy.ym.js",
            "ext" : "./js/AnFuns.js"
        },
            {
            "key" : "drpy_js_AGE动漫",
            "name" : "AGE动漫[DRPY]",
            "type" : 3,
            "api" : "assets://js/lib/drpy.ym.js",
            "ext" : "./js/AGE动漫.js"
        }],
    "lives" : [
            {
            "group" : "redirect",
            "channels" : [
                    {
                    "name" : "live",
                    "urls" : [
                        "proxy://do=live&type=txt&ext=http://111.67.196.181/mtv/zhibo.txt"]
                }]
        }],
    "parses" : [
            {
            "name" : "解析聚合",
            "type" : 3,
            "url" : "Demo"
        },
            {
            "name" : "Json并发",
            "type" : 2,
            "url" : "Parallel"
        },
            {
            "name" : "Json轮询",
            "type" : 2,
            "url" : "Sequence"
        },
            {
            "name" : "keyu",
            "type" : 1,
            "url" : "http://newjiexi.gotka.top/keyu3.php?url=",
            "ext" : {
                "header" : {
                    "User-Agent" : "okhttp/4.1.0"
                }
            }
        }],
    "flags" : [
        "youku",
        "qq",
        "iqiyi",
        "qiyi",
        "letv",
        "sohu",
        "tudou",
        "pptv",
        "mgtv",
        "wasu"],
    "ijk" : [
            {
            "group" : "软解码",
            "options" : [
                    {
                    "category" : 4,
                    "name" : "opensles",
                    "value" : "0"
                },
                    {
                    "category" : 4,
                    "name" : "overlay-format",
                    "value" : "842225234"
                },
                    {
                    "category" : 4,
                    "name" : "framedrop",
                    "value" : "1"
                },
                    {
                    "category" : 4,
                    "name" : "soundtouch",
                    "value" : "1"
                },
                    {
                    "category" : 4,
                    "name" : "start-on-prepared",
                    "value" : "1"
                },
                    {
                    "category" : 1,
                    "name" : "http-detect-range-support",
                    "value" : "0"
                },
                    {
                    "category" : 1,
                    "name" : "fflags",
                    "value" : "fastseek"
                },
                    {
                    "category" : 2,
                    "name" : "skip_loop_filter",
                    "value" : "48"
                },
                    {
                    "category" : 4,
                    "name" : "reconnect",
                    "value" : "1"
                },
                    {
                    "category" : 4,
                    "name" : "max-buffer-size",
                    "value" : "5242880"
                },
                    {
                    "category" : 4,
                    "name" : "enable-accurate-seek",
                    "value" : "0"
                },
                    {
                    "category" : 4,
                    "name" : "mediacodec",
                    "value" : "0"
                },
                    {
                    "category" : 4,
                    "name" : "mediacodec-auto-rotate",
                    "value" : "0"
                },
                    {
                    "category" : 4,
                    "name" : "mediacodec-handle-resolution-change",
                    "value" : "0"
                },
                    {
                    "category" : 4,
                    "name" : "mediacodec-hevc",
                    "value" : "0"
                }]
        },
            {
            "group" : "硬解码",
            "options" : [
                    {
                    "category" : 4,
                    "name" : "opensles",
                    "value" : "0"
                },
                    {
                    "category" : 4,
                    "name" : "overlay-format",
                    "value" : "842225234"
                },
                    {
                    "category" : 4,
                    "name" : "framedrop",
                    "value" : "1"
                },
                    {
                    "category" : 4,
                    "name" : "soundtouch",
                    "value" : "1"
                },
                    {
                    "category" : 4,
                    "name" : "start-on-prepared",
                    "value" : "1"
                },
                    {
                    "category" : 1,
                    "name" : "http-detect-range-support",
                    "value" : "0"
                },
                    {
                    "category" : 1,
                    "name" : "fflags",
                    "value" : "fastseek"
                },
                    {
                    "category" : 2,
                    "name" : "skip_loop_filter",
                    "value" : "48"
                },
                    {
                    "category" : 4,
                    "name" : "reconnect",
                    "value" : "1"
                },
                    {
                    "category" : 4,
                    "name" : "max-buffer-size",
                    "value" : "5242880"
                },
                    {
                    "category" : 4,
                    "name" : "enable-accurate-seek",
                    "value" : "0"
                },
                    {
                    "category" : 4,
                    "name" : "mediacodec",
                    "value" : "1"
                },
                    {
                    "category" : 4,
                    "name" : "mediacodec-auto-rotate",
                    "value" : "1"
                },
                    {
                    "category" : 4,
                    "name" : "mediacodec-handle-resolution-change",
                    "value" : "1"
                },
                    {
                    "category" : 4,
                    "name" : "mediacodec-hevc",
                    "value" : "1"
                }]
        }],
    "ads" : [
        "mimg.0c1q0l.cn",
        "www.googletagmanager.com",
        "www.google-analytics.com",
        "mc.usihnbcq.cn",
        "mg.g1mm3d.cn",
        "mscs.svaeuzh.cn",
        "cnzz.hhttm.top",
        "tp.vinuxhome.com",
        "cnzz.mmstat.com",
        "www.baihuillq.com",
        "s23.cnzz.com",
        "z3.cnzz.com",
        "c.cnzz.com",
        "stj.v1vo.top",
        "z12.cnzz.com",
        "img.mosflower.cn",
        "tips.gamevvip.com",
        "ehwe.yhdtns.com",
        "xdn.cqqc3.com",
        "www.jixunkyy.cn",
        "sp.chemacid.cn",
        "hm.baidu.com",
        "s9.cnzz.com",
        "z6.cnzz.com",
        "um.cavuc.com",
        "mav.mavuz.com",
        "wofwk.aoidf3.com",
        "z5.cnzz.com",
        "xc.hubeijieshikj.cn",
        "tj.tianwenhu.com",
        "xg.gars57.cn",
        "k.jinxiuzhilv.com",
        "cdn.bootcss.com",
        "ppl.xunzhuo123.com",
        "xomk.jiangjunmh.top",
        "img.xunzhuo123.com",
        "z1.cnzz.com",
        "s13.cnzz.com",
        "xg.huataisangao.cn",
        "z7.cnzz.com",
        "xg.huataisangao.cn",
        "z2.cnzz.com",
        "s96.cnzz.com",
        "q11.cnzz.com",
        "thy.dacedsfa.cn",
        "xg.whsbpw.cn",
        "s19.cnzz.com",
        "z8.cnzz.com",
        "s4.cnzz.com",
        "f5w.as12df.top",
        "ae01.alicdn.com",
        "www.92424.cn",
        "k.wudejia.com",
        "vivovip.mmszxc.top",
        "qiu.xixiqiu.com",
        "cdnjs.hnfenxun.com",
        "cms.qdwght.com"]
}